,model_name,hyperparameter_setting,mean_training_rmse,sd_training_rmse,test_rmse
0,DTR,"[_5_,_ _1_0_,_ _2_0_]",0.05761038140612992,0.005619736256670347,0.0895415039990452
1,Ridge,"[_1_._e_-_0_5_ _1_._e_-_0_4_ _1_._e_-_0_3_ _1_._e_-_0_2_ _1_._e_-_0_1_ _1_._e_+_0_0_ _1_._e_+_0_1_ _1_._e_+_0_2_ _1_._e_+_0_3_ _1_._e_+_0_4_
_ _1_._e_+_0_5_]",0.0643612333523434,0.0031998203622372223,0.07529713700285003
2,KNN,"[_1_,_ _5_,_ _1_0_,_ _1_5_]",0.007175307512330883,0.02506039365965221,0.10247364149757894
